Malls,Url
Clarke Quay Central,https://www.fareastmalls.com.sg/en/clarke-quay-central/shops
Holland Village Shopping Mall,https://www.fareastmalls.com.sg/one-holland-village/Shops
Square 2,https://www.fareastmalls.com.sg/square-2/Shops
Greenwich V,https://www.fareastmalls.com.sg/en/greenwich-v/shops
HillV2,https://www.fareastmalls.com.sg/en/hillv2/shops
Icon Village,https://www.fareastmalls.com.sg/en/icon-village/shops
Junction 10,https://www.fareastmalls.com.sg/en/junction-10/shops
Far East Square,https://www.fareastmalls.com.sg/en/far-east-square/shops
Katong V,https://www.fareastmalls.com.sg/en/katong-v/shops
Lucky Chinatown,https://www.fareastmalls.com.sg/en/lucky-chinatown/shops
Pacific Plaza,https://www.fareastmalls.com.sg/en/pacific-plaza/shops
Woods Square,https://www.fareastmalls.com.sg/en/woods-square/shops
West Coast Plaza,https://www.fareastmalls.com.sg/en/west-coast-plaza/shops